Plot,Year,Subplot,HeatTrt,WaterTrt,RichnessTrt,Dq0,Dq1,Dq2,BP,p.Ag,biomass,invSimpEven,LegumeBiomass,ForbBiomass,C3Biomass,C4Biomass
29,2017,NE,Control,Control,1,1,1,1,1,0,1,1,1,0,0,0
29,2017,NW,Heated,Drought,1,1,1,1,1,0,1,1,1,0,0,0
29,2017,SE,Control,Drought,1,1,1,1,1,0,1,1,1,0,0,0
29,2017,SW,Heated,Control,1,1,1,1,1,0,1,1,1,0,0,0
69,2017,NE,Control,Drought,1,1,1,1,1,0,1,1,0,1,0,0
69,2017,NW,Heated,Control,1,1,1,1,1,0,1,1,0,1,0,0
69,2017,SE,Control,Control,1,1,1,1,1,0,1,1,0,1,0,0
69,2017,SW,Heated,Drought,1,1,1,1,1,0,1,1,0,1,0,0
82,2017,NE,Control,Drought,16,7,5.112585594,4.316431983,0.379595542,0.379595542,1,0.61663314,0.155681073,0.006404761,0.045741086,0.79217308
82,2017,NW,Heated,Control,16,8,4.488554013,3.272774354,0.497373514,0.14816784,1,0.409096794,0.18489611,0.497373514,0.009633993,0.308096382
82,2017,SE,Control,Control,16,9,5.397424086,3.874202072,0.447890152,0.144839207,1,0.430466897,0.186426702,0.451941347,0.047323701,0.314308249
82,2017,SW,Heated,Drought,16,9,5.48491523,4.598562239,0.330441484,0.330441484,1,0.51095136,0.233711329,0.236926126,0.023934823,0.505427722
83,2017,NE,Control,Control,1,1,1,1,1,0,1,1,1,0,0,0
83,2017,NW,Heated,Drought,1,1,1,1,1,0,1,1,1,0,0,0
83,2017,SE,Control,Drought,1,1,1,1,1,0,1,1,1,0,0,0
83,2017,SW,Heated,Control,1,1,1,1,1,0,1,1,1,0,0,0
108,2017,NE,Control,Drought,16,9,6.10704621,5.186934094,0.287781926,0.287781926,1,0.57632601,0.376054825,0.074310847,0.014320053,0.535314274
108,2017,NW,Heated,Control,16,7,5.057266375,4.474813357,0.337274984,0.337274984,1,0.639259051,0.345530726,0.100341403,0.032278088,0.521849783
108,2017,SE,Control,Control,16,8,4.045129194,3.504357394,0.368255046,0.049907173,1,0.438044674,0.250993153,0.65717765,0.026350987,0.065478211
108,2017,SW,Heated,Drought,16,6,4.229496324,3.724721789,0.391946473,0.263269552,1,0.620786965,0.447431765,0,0.121863653,0.430704582
109,2017,NE,Control,Drought,1,1,1,1,1,1,1,1,0,0,0,1
109,2017,NW,Heated,Drought,1,1,1,1,1,1,1,1,0,0,0,1
109,2017,SE,Control,Control,1,1,1,1,1,1,1,1,0,0,0,1
109,2017,SW,Heated,Control,1,1,1,1,1,1,1,1,0,0,0,1
110,2017,NE,Control,Control,4,4,3.490280511,3.295502132,0.36628866,0,1,0.823875533,0.668041237,0,0.058453608,0.273505155
110,2017,NW,Heated,Control,4,4,3.193117031,2.624186925,0.561091879,0,1,0.656046731,0.298904716,0,0.140003405,0.561091879
110,2017,SE,Control,Drought,4,3,1.807185136,1.478112273,0.80772493,0,1,0.492704091,0.19227507,0,0,0.80772493
110,2017,SW,Heated,Drought,4,4,3.66027913,3.424940459,0.378571429,0,1,0.856235115,0.507142857,0,0.114285714,0.378571429
137,2017,NE,Control,Drought,1,1,1,1,1,0,1,1,1,0,0,0
137,2017,NW,Heated,Control,1,1,1,1,1,0,1,1,1,0,0,0
137,2017,SE,Control,Control,1,1,1,1,1,0,1,1,1,0,0,0
137,2017,SW,Heated,Drought,1,1,1,1,1,0,1,1,1,0,0,0
138,2017,NE,Control,Drought,4,3,1.300736032,1.143864585,0.932902208,0,1,0.381288195,0,0.932902208,0.067097792,0
138,2017,NW,Heated,Drought,4,3,1.099606354,1.037846339,0.981432361,0,1,0.34594878,0,0.982000758,0.017999242,0
138,2017,SE,Control,Control,4,3,1.433268973,1.217493122,0.902298851,0,1,0.405831041,0,0.916193002,0.083806998,0
138,2017,SW,Heated,Control,4,2,1.089324156,1.03429032,0.983138967,0,1,0.51714516,0,0.983138967,0.016861033,0
167,2017,NE,Control,Control,1,1,1,1,1,0,1,1,0,1,0,0
167,2017,NW,Heated,Control,1,1,1,1,1,0,1,1,0,1,0,0
167,2017,SE,Control,Drought,1,1,1,1,1,0,1,1,0,1,0,0
167,2017,SW,Heated,Drought,1,1,1,1,1,0,1,1,0,1,0,0
176,2017,NE,Control,Drought,4,2,1.635836998,1.455361605,0.805871262,0,1,0.727680803,0,0.805871262,0,0.194128738
176,2017,NW,Heated,Control,4,3,1.314431441,1.144494512,0.932922484,0,1,0.381498171,0,0.932922484,0.009516623,0.057560894
176,2017,SE,Control,Control,4,3,1.751631293,1.489290482,0.798008535,0,1,0.496430161,0,0.798008535,0.016607397,0.185384068
176,2017,SW,Heated,Drought,4,3,1.596343512,1.36412625,0.843243243,0,1,0.45470875,0,0.843243243,0.008648649,0.148108108
201,2017,NE,Control,Control,4,3,2.070510773,1.949481768,0.607213656,0,1,0.649827256,0.392786344,0,0,0.607213656
201,2017,NW,Heated,Control,4,2,1.228525041,1.110480839,0.947499056,0,1,0.55524042,1,0,0,0
201,2017,SE,Control,Drought,4,3,2.196475387,2.093159444,0.488647581,0,1,0.697719815,0.511352419,0,0,0.488647581
201,2017,SW,Heated,Drought,4,3,2.253285258,2.009355316,0.624943664,0,1,0.669785105,0.676855001,0,0,0.323144999
202,2017,NE,Control,Control,16,8,4.773840063,3.863513265,0.396899196,0.396899196,1,0.482939158,0.044326307,0.161893824,0.091875671,0.701904197
202,2017,NW,Heated,Drought,16,7,1.850012769,1.347743529,0.858451741,0.858451741,1,0.19253479,0.078560908,0.01765292,0.040569225,0.863216947
202,2017,SE,Control,Drought,16,8,2.917731286,2.152076956,0.646629934,0.646629934,1,0.26900962,0.010236071,0.193654111,0.038640574,0.757469244
202,2017,SW,Heated,Control,16,7,3.639167925,2.451744947,0.61185472,0.61185472,1,0.350249278,0.137477911,0.050381622,0.07457608,0.737564387
220,2017,NE,Control,Drought,16,8,4.855524577,4.122315618,0.353930616,0.353930616,1,0.515289452,0.46781918,0.00146011,0.14387922,0.38684149
220,2017,NW,Heated,Control,16,8,4.899802464,3.921596805,0.342686161,0.334224775,1,0.490199601,0.476687345,0.025274557,0.055963524,0.442074574
220,2017,SE,Control,Control,16,8,4.892148514,3.886875574,0.423496656,0.071270842,1,0.485859447,0.298268634,0.001280123,0.101129708,0.599321535
220,2017,SW,Heated,Drought,16,7,3.49488271,2.609919573,0.563688407,0.228006914,1,0.372845653,0.144365346,0.563688407,0.057489638,0.234456609
223,2017,NE,Control,Drought,4,3,1.342548102,1.150144688,0.93101508,0,1,0.383381563,0,0.93101508,0.06898492,0
223,2017,NW,Heated,Drought,4,2,1.066753672,1.024110799,0.988086491,0,1,0.512055399,0,0.988086491,0.011913509,0
223,2017,SE,Control,Control,4,3,1.303136442,1.129150878,0.93999945,0,1,0.376383626,0,0.93999945,0.06000055,0
223,2017,SW,Heated,Control,4,2,1.234386015,1.114138321,0.945844492,0,1,0.55706916,0,0.945844492,0.054155508,0
229,2017,NE,Control,Control,4,3,2.154326111,2.058951713,0.530796869,0.530796869,1,0.686317238,0,0,0.01796484,0.98203516
229,2017,NW,Heated,Control,4,4,1.762298435,1.483870047,0.800635159,0.017550458,1,0.370967512,0.180518992,0,0.001295391,0.818185617
229,2017,SE,Control,Drought,4,4,2.784769422,2.372300641,0.55971167,0.314241184,1,0.59307516,0.090979934,0,0.035067212,0.873952854
229,2017,SW,Heated,Drought,4,4,3.519186854,3.216138637,0.428959025,0.20448505,1,0.804034659,0.277962348,0,0.088593577,0.633444075
230,2017,NE,Control,Control,1,1,1,1,1,0,1,1,0,0,0,1
230,2017,NW,Heated,Drought,1,1,1,1,1,0,1,1,0,0,0,1
230,2017,SE,Control,Drought,1,1,1,1,1,0,1,1,0,0,0,1
230,2017,SW,Heated,Control,1,1,1,1,1,0,1,1,0,0,0,1
233,2017,NE,Control,Drought,4,3,2.698094595,2.53935601,0.439856744,0,1,0.846452003,0.439856744,0.427459623,0.132683632,0
233,2017,NW,Heated,Drought,4,3,2.609528788,2.43334617,0.474777364,0,1,0.81111539,0.474777364,0.416906137,0.108316499,0
233,2017,SE,Control,Control,4,3,1.667036828,1.384482087,0.838380501,0,1,0.461494029,0.137154498,0.838380501,0.024465,0
233,2017,SW,Heated,Control,4,3,1.776316089,1.496120098,0.796995708,0,1,0.498706699,0.18083691,0.796995708,0.022167382,0
237,2017,NE,Control,Drought,1,1,1,1,1,0,1,1,0,0,1,0
237,2017,NW,Heated,Drought,1,1,1,1,1,0,1,1,0,0,1,0
237,2017,SE,Control,Control,1,1,1,1,1,0,1,1,0,0,1,0
237,2017,SW,Heated,Control,1,1,1,1,1,0,1,1,0,0,1,0
253,2017,NE,Control,Control,16,10,5.773179924,4.596573563,0.354982316,0.206267158,1,0.459657356,0.550045755,0.0054411,0.05505404,0.389459105
253,2017,NW,Heated,Control,16,8,3.997760061,3.369082116,0.374722926,0.374722926,1,0.421135265,0.215444902,0.345432236,0.044331856,0.394791007
253,2017,SE,Control,Drought,16,9,4.196192142,2.747526841,0.572780273,0.572780273,1,0.30528076,0.160374654,0.010799962,0.097486381,0.731339004
253,2017,SW,Heated,Drought,16,8,3.607581156,2.727875484,0.488813016,0.488813016,1,0.340984435,0.420775555,0,0.03242604,0.546798405
268,2017,NE,Control,Drought,1,1,1,1,1,0,1,1,0,0,1,0
268,2017,NW,Heated,Drought,1,1,1,1,1,0,1,1,0,0,1,0
268,2017,SE,Control,Control,1,1,1,1,1,0,1,1,0,0,1,0
268,2017,SW,Heated,Control,1,1,1,1,1,0,1,1,0,0,1,0
273,2017,NE,Control,Drought,16,7,3.112608925,2.560079194,0.456588597,0.421398155,1,0.365725599,0.047610599,0.473252307,0.042391176,0.436745919
273,2017,NW,Heated,Control,16,7,2.588994518,2.137707515,0.604106254,0.604106254,1,0.305386788,0.058069963,0.316533911,0.019576894,0.605819232
273,2017,SE,Control,Control,16,7,4.126248012,3.142063805,0.494991371,0.494991371,1,0.448866258,0.119062805,0.037761687,0.09280033,0.750375178
273,2017,SW,Heated,Drought,16,7,3.058582809,2.306599723,0.612077875,0.612077875,1,0.329514246,0.214156029,0.019384933,0.108013743,0.658445295
280,2017,NE,Control,Control,1,1,1,1,1,0,1,1,0,0,0,1
280,2017,NW,Heated,Control,1,1,1,1,1,0,1,1,0,0,0,1
280,2017,SE,Control,Drought,1,1,1,1,1,0,1,1,0,0,0,1
280,2017,SW,Heated,Drought,1,1,1,1,1,0,1,1,0,0,0,1
282,2017,NE,Control,Drought,1,1,1,1,1,0,1,1,0,0,0,1
282,2017,NW,Heated,Drought,1,1,1,1,1,0,1,1,0,0,0,1
282,2017,SE,Control,Control,1,1,1,1,1,0,1,1,0,0,0,1
282,2017,SW,Heated,Control,1,1,1,1,1,0,1,1,0,0,0,1
286,2017,NE,Control,Control,4,3,2.881998013,2.77423861,0.459549187,0,1,0.924746203,0.459549187,0,0.230036694,0.310414118
286,2017,NW,Heated,Control,4,4,3.117250685,2.559551504,0.568447963,0,1,0.639887876,0.568447963,0,0.170460168,0.261091869
286,2017,SE,Control,Drought,4,4,3.133244952,2.592540747,0.559874058,0,1,0.648135187,0.206823578,0,0.150356147,0.642820275
286,2017,SW,Heated,Drought,4,4,3.471570095,3.201515716,0.388720923,0,1,0.800378929,0.192941322,0,0.074042081,0.733016598
290,2017,NE,Control,Control,1,1,1,1,1,0,1,1,0,1,0,0
290,2017,NW,Heated,Drought,1,1,1,1,1,0,1,1,0,1,0,0
290,2017,SE,Control,Drought,1,1,1,1,1,0,1,1,0,1,0,0
291,2017,NE,Control,Control,1,1,1,1,1,0,1,1,1,0,0,0
291,2017,NW,Heated,Drought,1,1,1,1,1,0,1,1,1,0,0,0
291,2017,SE,Control,Drought,1,1,1,1,1,0,1,1,1,0,0,0
291,2017,SW,Heated,Control,1,1,1,1,1,0,1,1,1,0,0,0
299,2017,NE,Control,Control,16,8,4.912371466,4.012785643,0.403212614,0.403212614,1,0.501598205,0.219770982,0,0.138592266,0.641636752
299,2017,NW,Heated,Control,16,5,3.230604667,2.766371865,0.493383011,0.493383011,1,0.553274373,0.317107396,0,0.101444366,0.581448237
299,2017,SE,Control,Drought,16,10,7.131607901,6.401241346,0.211441851,0.169064625,1,0.640124135,0.347014798,0.096374013,0.055363795,0.501247394
299,2017,SW,Heated,Drought,16,6,3.060702239,2.226109016,0.640014262,0.640014262,1,0.371018169,0.169519098,0,0.089138477,0.741342425
301,2017,NE,Control,Control,16,10,4.494155155,3.345903173,0.487313628,0.487313628,1,0.334590317,0.209085361,0.004853663,0.078966489,0.707094487
301,2017,NW,Heated,Drought,16,8,5.103070884,4.228135044,0.369351916,0.245203425,1,0.52851688,0.496843947,0.000468721,0.081244922,0.42144241
301,2017,SE,Control,Drought,16,11,4.932443286,3.475880032,0.484143029,0.100037905,1,0.315989094,0.173100006,0.507296734,0.079537558,0.240065702
301,2017,SW,Heated,Control,16,10,4.382551877,2.935697465,0.544611133,0.544611133,1,0.293569746,0.163921945,0.057075179,0.061812645,0.717190232
325,2017,NE,Control,Drought,4,4,1.732393558,1.369695586,0.847933135,0,1,0.342423896,0.847933135,0.005636906,0.0600622,0.086367759
325,2017,NW,Heated,Drought,4,4,2.465251577,2.042312164,0.654005342,0,1,0.510578041,0.21721901,0.654005342,0.007632019,0.121143629
325,2017,SE,Control,Control,4,4,2.989520326,2.715212873,0.432163239,0,1,0.678803218,0.399860019,0.432163239,0.022612254,0.145364488
325,2017,SW,Heated,Control,4,4,3.007590461,2.530227885,0.55431131,0,1,0.632556971,0.55431131,0.132866741,0.053023516,0.259798432
328,2017,NE,Control,Control,16,7,3.095522881,2.139471359,0.660724896,0.660724896,1,0.305638766,0.218680927,0,0.081925134,0.699393939
328,2017,NW,Heated,Drought,16,7,2.924920761,2.046889998,0.676929214,0.676929214,1,0.292412857,0.122642878,0.135879025,0.054866551,0.686611546
328,2017,SE,Control,Drought,16,9,4.29633159,3.308459731,0.430596574,0.111427678,1,0.367606637,0.056982037,0.744240992,0.06625899,0.132517981
328,2017,SW,Heated,Control,16,6,4.505717902,4.077542364,0.359443285,0.253667363,1,0.679590394,0.497870564,0.093890049,0.154572025,0.253667363
338,2017,NE,Control,Control,1,1,1,1,1,0,1,1,0,1,0,0
338,2017,NW,Heated,Drought,1,1,1,1,1,0,1,1,0,1,0,0
338,2017,SE,Control,Drought,1,1,1,1,1,0,1,1,0,1,0,0
338,2017,SW,Heated,Control,1,1,1,1,1,0,1,1,0,1,0,0
29,2018,NE,Control,Control,1,1,1,1,1,0,1,1,1,0,0,0
29,2018,NW,Heated,Drought,1,1,1,1,1,0,1,1,1,0,0,0
29,2018,SE,Control,Drought,1,1,1,1,1,0,1,1,1,0,0,0
29,2018,SW,Heated,Control,1,1,1,1,1,0,1,1,1,0,0,0
69,2018,NE,Control,Drought,1,1,1,1,1,0,1,1,0,1,0,0
69,2018,NW,Heated,Control,1,1,1,1,1,0,1,1,0,1,0,0
69,2018,SE,Control,Control,1,1,1,1,1,0,1,1,0,1,0,0
69,2018,SW,Heated,Drought,1,1,1,1,1,0,1,1,0,1,0,0
82,2018,NE,Control,Drought,16,9,3.704388666,2.906262196,0.511870339,0.180566124,1,0.322918022,0.060416984,0.231395526,0.005098159,0.703089332
82,2018,NW,Heated,Control,16,7,2.635704799,1.713403519,0.756410256,0.756410256,1,0.244771931,0.105272354,0,0.026056,0.868671646
82,2018,SE,Control,Control,16,10,3.436279771,2.616917871,0.476461957,0.476461957,1,0.261691787,0.41665393,0.028734754,0.009889035,0.544722282
82,2018,SW,Heated,Drought,16,7,1.950362206,1.451722207,0.82138515,0.82138515,1,0.207388887,0.114350847,0.003191489,0.033000434,0.84945723
83,2018,NE,Control,Control,1,1,1,1,1,0,1,1,1,0,0,0
83,2018,NW,Heated,Drought,1,1,1,1,1,0,1,1,1,0,0,0
83,2018,SE,Control,Drought,1,1,1,1,1,0,1,1,1,0,0,0
83,2018,SW,Heated,Control,1,1,1,1,1,0,1,1,1,0,0,0
108,2018,NE,Control,Drought,16,6,3.655046118,3.007055872,0.470847635,0.470847635,1,0.501175979,0.305563501,0,0.025266972,0.669169527
108,2018,NW,Heated,Control,16,9,5.061081158,4.164370123,0.369598256,0.369598256,1,0.462707791,0.291628122,0.027322585,0.05573543,0.625313863
108,2018,SE,Control,Control,16,7,3.672949917,2.919224097,0.465396189,0.465396189,1,0.417032014,0.340346038,0.057171515,0.019232698,0.583249749
108,2018,SW,Heated,Drought,16,8,4.197380588,3.641985507,0.401994968,0.26635514,1,0.455248188,0.53666427,0.001923077,0.046603163,0.41480949
109,2018,NE,Control,Drought,1,1,1,1,1,1,1,1,0,0,0,1
109,2018,NW,Heated,Drought,1,1,1,1,1,1,1,1,0,0,0,1
109,2018,SE,Control,Control,1,1,1,1,1,1,1,1,0,0,0,1
109,2018,SW,Heated,Control,1,1,1,1,1,1,1,1,0,0,0,1
110,2018,NE,Control,Control,4,3,1.324618988,1.168935746,0.921708838,0,1,0.389645249,0.077007701,0,0.001283462,0.921708838
110,2018,NW,Heated,Control,4,4,2.370560884,1.804456025,0.722602203,0,1,0.451114006,0.216832872,0,0.060564925,0.722602203
110,2018,SE,Control,Drought,4,2,1.312507339,1.166211794,0.922774869,0,1,0.583105897,0.077225131,0,0,0.922774869
110,2018,SW,Heated,Drought,4,3,2.662919579,2.488488412,0.479149291,0,1,0.829496137,0.604253545,0,0,0.395746455
137,2018,NE,Control,Drought,1,1,1,1,1,0,1,1,1,0,0,0
137,2018,NW,Heated,Control,1,1,1,1,1,0,1,1,1,0,0,0
137,2018,SE,Control,Control,1,1,1,1,1,0,1,1,1,0,0,0
137,2018,SW,Heated,Drought,1,1,1,1,1,0,1,1,1,0,0,0
138,2018,NE,Control,Drought,4,3,1.369366549,1.174830231,0.92008725,0,1,0.391610077,0,0.933273845,0.066726155,0
138,2018,NW,Heated,Drought,4,2,1.307056901,1.162376874,0.924444444,0,1,0.581188437,0,0.924444444,0.075555556,0
138,2018,SE,Control,Control,4,3,1.203418008,1.078303453,0.962641111,0,1,0.359434484,0,0.9831885,0.0168115,0
138,2018,SW,Heated,Control,4,4,3.356632499,3.027008469,0.434782609,0,1,0.756752117,0,0.6,0.4,0
167,2018,NE,Control,Control,1,1,1,1,1,0,1,1,0,1,0,0
167,2018,NW,Heated,Control,1,1,1,1,1,0,1,1,0,1,0,0
167,2018,SE,Control,Drought,1,1,1,1,1,0,1,1,0,1,0,0
167,2018,SW,Heated,Drought,1,1,1,1,1,0,1,1,0,1,0,0
176,2018,NE,Control,Drought,4,3,1.750408841,1.561393954,0.766316958,0,1,0.520464651,0,0.766316958,0.003026329,0.230656713
176,2018,NW,Heated,Control,4,3,2.15390195,1.965216284,0.62152263,0,1,0.655072095,0,0.62152263,0.029650301,0.348827069
176,2018,SE,Control,Control,4,2,1.448757279,1.272410959,0.878093645,0,1,0.63620548,0,0.878093645,0,0.121906355
176,2018,SW,Heated,Drought,4,3,1.869105951,1.677073555,0.724300129,0,1,0.559024518,0,0.724300129,0.008117745,0.267582126
201,2018,NE,Control,Control,4,3,2.162575282,2.007960951,0.593767676,0,1,0.669320317,0.406232324,0,0,0.593767676
201,2018,NW,Heated,Control,4,3,1.89581484,1.803856948,0.665132461,0,1,0.601285649,0.665386149,0,0,0.334613851
201,2018,SE,Control,Drought,4,3,2.248681516,2.109711092,0.536618999,0,1,0.703237031,0.569969356,0,0,0.430030644
201,2018,SW,Heated,Drought,4,3,2.122395668,2.041697364,0.532697871,0,1,0.680565788,0.546308152,0,0,0.453691848
202,2018,NE,Control,Control,16,11,4.033915659,2.607073012,0.588524127,0.588524127,1,0.237006637,0.102136302,0.119437518,0.023830947,0.754595234
202,2018,NW,Heated,Drought,16,3,1.319908611,1.142060058,0.934232715,0.934232715,1,0.380686686,0.051011804,0,0.014755481,0.934232715
202,2018,SE,Control,Drought,16,9,3.387076217,2.137179253,0.666498783,0.666498783,1,0.237464361,0.105011332,0.162819329,0.027057276,0.705112062
202,2018,SW,Heated,Control,16,8,2.846159864,1.948536344,0.697165589,0.697165589,1,0.243567043,0.053530582,0.141397315,0.018896072,0.786176032
220,2018,NE,Control,Drought,16,7,3.171704567,2.294376298,0.617308481,0.617308481,1,0.327768043,0.070016085,0.020594821,0.069606081,0.839783013
220,2018,NW,Heated,Control,16,9,5.034327887,3.548779642,0.477272283,0.477272283,1,0.394308849,0.257203133,0.008204247,0.052487645,0.682104975
220,2018,SE,Control,Control,16,7,3.808586527,3.04045156,0.492546565,0.492546565,1,0.434350223,0.216753959,0,0.027489385,0.755756655
220,2018,SW,Heated,Drought,16,7,2.950032776,1.990650591,0.69024874,0.69024874,1,0.284378656,0.15866047,0.05964907,0.043495375,0.738195086
223,2018,NE,Control,Drought,4,3,1.203424451,1.07827065,0.962657431,0,1,0.35942355,0,0.962657431,0.037342569,0
223,2018,NW,Heated,Drought,4,2,1.386783523,1.221580047,0.899131514,0,1,0.610790023,0,0.899131514,0.100868486,0
223,2018,SE,Control,Control,4,3,1.594713068,1.310988003,0.867016575,0,1,0.436996001,0,0.867016575,0.132983425,0
223,2018,SW,Heated,Control,4,2,1.047776497,1.016159974,0.991984257,0,1,0.508079987,0,0.991984257,0.008015743,0
229,2018,NE,Control,Control,4,4,2.191396377,1.989829275,0.61405106,0.3527939,1,0.497457319,0.032130799,0,0.00102424,0.96684496
229,2018,NW,Heated,Control,4,4,3.030487062,2.800370095,0.47532048,0.270078396,1,0.700092524,0.47532048,0,0.013694021,0.510985498
229,2018,SE,Control,Drought,4,4,1.367854772,1.169891191,0.922161572,0.010152838,1,0.292472798,0.065502183,0,0.002183406,0.93231441
229,2018,SW,Heated,Drought,4,4,3.441352311,3.168135895,0.371527041,0.187698834,1,0.792033974,0.37078473,0,0.069989396,0.559225875
230,2018,NE,Control,Control,1,1,1,1,1,0,1,1,0,0,0,1
230,2018,NW,Heated,Drought,1,1,1,1,1,0,1,1,0,0,0,1
230,2018,SE,Control,Drought,1,1,1,1,1,0,1,1,0,0,0,1
230,2018,SW,Heated,Control,1,1,1,1,1,0,1,1,0,0,0,1
233,2018,NE,Control,Drought,4,3,1.538571031,1.264530907,0.885241433,0,1,0.421510302,0.040498442,0.885241433,0.074260125,0
233,2018,NW,Heated,Drought,4,3,1.889674253,1.536422855,0.790041471,0,1,0.512140952,0.153226899,0.790041471,0.056731629,0
233,2018,SE,Control,Control,4,3,1.929271395,1.574502181,0.777581244,0,1,0.52483406,0.164845836,0.777581244,0.05757292,0
233,2018,SW,Heated,Control,4,3,2.323504288,2.176839164,0.497286158,0,1,0.725613055,0.458392593,0.497286158,0.044321249,0
237,2018,SE,Control,Control,1,1,1,1,1,0,1,1,0,0,1,0
253,2018,NE,Control,Control,16,9,4.575933638,3.87131783,0.304012202,0.304012202,1,0.430146426,0.352133719,0.002708003,0.023874,0.621284278
253,2018,NW,Heated,Control,16,10,4.739188868,3.797751381,0.401281482,0.401281482,1,0.379775138,0.375371232,9.35E-05,0.015293595,0.609241634
253,2018,SE,Control,Drought,16,8,2.488526161,2.065723711,0.609520192,0.609520192,1,0.258215464,0.34404355,0.004228383,0.017546525,0.634181542
253,2018,SW,Heated,Drought,16,9,3.900088411,3.162775316,0.423649299,0.328000412,1,0.35141948,0.452278664,0.190163596,0.015466043,0.342091696
268,2018,NE,Control,Drought,1,1,1,1,1,0,1,1,0,0,1,0
268,2018,NW,Heated,Drought,1,1,1,1,1,0,1,1,0,0,1,0
268,2018,SE,Control,Control,1,1,1,1,1,0,1,1,0,0,1,0
268,2018,SW,Heated,Control,1,1,1,1,1,0,1,1,0,0,1,0
273,2018,NE,Control,Drought,16,7,1.886496854,1.405587173,0.836840435,0.836840435,1,0.200798168,0.033000781,0.014806173,0.015501017,0.93669203
273,2018,NW,Heated,Control,16,7,2.188680982,1.761050256,0.717130669,0.717130669,1,0.251578608,0.03778562,0.236766121,0.007687829,0.71776043
273,2018,SE,Control,Control,16,6,2.11352888,1.531708958,0.798477662,0.798477662,1,0.255284826,0.026363061,0.020159988,0.04299505,0.910481901
273,2018,SW,Heated,Drought,16,8,1.749319319,1.284690035,0.880472873,0.880472873,1,0.160586254,0.02572983,0.023261839,0.028265998,0.922742334
280,2018,NE,Control,Control,1,1,1,1,1,0,1,1,0,0,0,1
280,2018,NW,Heated,Control,1,1,1,1,1,0,1,1,0,0,0,1
280,2018,SE,Control,Drought,1,1,1,1,1,0,1,1,0,0,0,1
280,2018,SW,Heated,Drought,1,1,1,1,1,0,1,1,0,0,0,1
282,2018,NE,Control,Drought,1,1,1,1,1,0,1,1,0,0,0,1
282,2018,SE,Control,Control,1,1,1,1,1,0,1,1,0,0,0,1
282,2018,SW,Heated,Control,1,1,1,1,1,0,1,1,0,0,0,1
286,2018,NE,Control,Control,4,3,1.930554345,1.74295697,0.700087268,0,1,0.580985657,0.288955687,0,0.010957045,0.700087268
286,2018,NW,Heated,Control,4,3,1.75562849,1.567500095,0.763998882,0,1,0.522500032,0.232926488,0,0.00307463,0.763998882
286,2018,SE,Control,Drought,4,4,3.588952463,3.345058561,0.379838334,0,1,0.83626464,0.204647909,0,0.092725012,0.702627079
286,2018,SW,Heated,Drought,4,3,2.071079142,2.013311516,0.541732729,0,1,0.671103839,0.450736127,0,0.007531144,0.541732729
290,2018,NE,Control,Control,1,1,1,1,1,0,1,1,0,1,0,0
290,2018,SE,Control,Drought,1,1,1,1,1,0,1,1,0,1,0,0
290,2018,SW,Heated,Control,1,1,1,1,1,0,1,1,0,1,0,0
291,2018,NE,Control,Control,1,1,1,1,1,0,1,1,1,0,0,0
291,2018,NW,Heated,Drought,1,1,1,1,1,0,1,1,1,0,0,0
291,2018,SE,Control,Drought,1,1,1,1,1,0,1,1,1,0,0,0
291,2018,SW,Heated,Control,1,1,1,1,1,0,1,1,1,0,0,0
299,2018,NE,Control,Control,16,7,3.856248172,2.883877114,0.504873782,0.504873782,1,0.411982445,0.07628093,0,0.04063984,0.88307923
299,2018,NW,Heated,Control,16,6,3.13046684,2.293800415,0.623476223,0.623476223,1,0.382300069,0.186687812,0.082064999,0.035978886,0.695268303
299,2018,SE,Control,Drought,16,7,3.26622957,2.586551078,0.547496636,0.547496636,1,0.369507297,0.091335703,0.062109658,0.026465615,0.820089024
299,2018,SW,Heated,Drought,16,7,5.474641738,4.788339114,0.315884958,0.243690305,1,0.684048445,0.46811803,0.102449176,0.104957046,0.324475748
301,2018,NE,Control,Control,16,9,4.657677971,3.901377259,0.350786925,0.202654791,1,0.433486362,0.022786233,0.424031477,0.004885853,0.548296437
301,2018,NW,Heated,Drought,16,8,6.555257341,5.604472376,0.309375913,0.309375913,1,0.700559047,0.301081555,0.160040924,0.102565039,0.436312482
301,2018,SE,Control,Drought,16,10,6.223728183,5.039199985,0.303956835,0.228859018,1,0.503919999,0.133377509,0.364098195,0.033446927,0.46907737
301,2018,SW,Heated,Control,16,10,4.209067638,2.709707975,0.576851887,0.576851887,1,0.270970798,0.188443571,0.1730946,0.036175223,0.602286606
325,2018,NE,Control,Drought,4,4,2.877772423,2.424969056,0.568742147,0,1,0.606242264,0.266606005,0.568742147,0.036093418,0.12855843
325,2018,NW,Heated,Drought,4,4,2.886376074,2.445986669,0.570237395,0,1,0.611496667,0.570237395,0.234157347,0.028153816,0.167451442
325,2018,SE,Control,Control,4,4,1.661464329,1.344680941,0.854278856,0,1,0.336170235,0.115486927,0.854278856,0.008629079,0.021605139
325,2018,SW,Heated,Control,4,4,2.252069311,1.859477541,0.698065693,0,1,0.464869385,0.201934307,0.698065693,0.001459854,0.098540146
328,2018,NE,Control,Control,16,1,1,1,1,0,1,1,0,1,0,0
328,2018,NW,Heated,Drought,16,7,3.909410515,2.916599941,0.522856178,0.522856178,1,0.416657134,0.367083052,0.05243079,0.051316678,0.52916948
328,2018,SE,Control,Drought,16,7,1.434909732,1.173829373,0.921672413,0.921672413,1,0.16768991,0.037075705,0.000801243,0.037706988,0.924416064
328,2018,SW,Heated,Control,16,7,2.964096686,1.986632575,0.692974624,0.692974624,1,0.283804654,0.240625,0.028031015,0.035244361,0.696099624
338,2018,NW,Heated,Drought,1,1,1,1,1,0,1,1,0,1,0,0
338,2018,SE,Control,Drought,1,1,1,1,1,0,1,1,0,1,0,0
338,2018,SW,Heated,Control,1,1,1,1,1,0,1,1,0,1,0,0
29,2019,NE,Control,Control,1,1,1,1,1,0,1,1,1,0,0,0
29,2019,NW,Heated,Drought,1,1,1,1,1,0,1,1,1,0,0,0
29,2019,SE,Control,Drought,1,1,1,1,1,0,1,1,1,0,0,0
29,2019,SW,Heated,Control,1,1,1,1,1,0,1,1,1,0,0,0
69,2019,NE,Control,Drought,1,1,1,1,1,0,1,1,0,1,0,0
69,2019,NW,Heated,Control,1,1,1,1,1,0,1,1,0,1,0,0
69,2019,SE,Control,Control,1,1,1,1,1,0,1,1,0,1,0,0
69,2019,SW,Heated,Drought,1,1,1,1,1,0,1,1,0,1,0,0
82,2019,NE,Control,Drought,16,6,5.37809236,5.044338997,0.278024253,0.160701962,1,0.840723166,0.169230011,0,0.0400769,0.790693089
82,2019,NW,Heated,Control,16,8,6.624779677,5.78507938,0.274596074,0.13506119,1,0.723134923,0.288645691,0.216179244,0.02292306,0.472252006
82,2019,SE,Control,Control,16,9,5.297504382,4.427814731,0.339325363,0.339325363,1,0.491979415,0.187830914,0.213492741,0.002860803,0.595815542
82,2019,SW,Heated,Drought,16,8,4.45084297,3.742822835,0.406841376,0.406841376,1,0.467852854,0.03384789,0.148725576,0.014000718,0.803425817
83,2019,NE,Control,Control,1,1,1,1,1,0,1,1,1,0,0,0
83,2019,NW,Heated,Drought,1,1,1,1,1,0,1,1,1,0,0,0
83,2019,SE,Control,Drought,1,1,1,1,1,0,1,1,1,0,0,0
83,2019,SW,Heated,Control,1,1,1,1,1,0,1,1,1,0,0,0
108,2019,NE,Control,Drought,16,9,4.649765581,3.158828373,0.514346559,0.514346559,1,0.35098093,0.195247702,0.092393335,0.033886274,0.678472689
108,2019,NW,Heated,Control,16,8,5.860088798,5.004501286,0.281542134,0.281542134,1,0.625562661,0.383444938,0.191838494,0.034906849,0.38980972
108,2019,SE,Control,Control,16,8,3.604177525,2.669170666,0.5583853,0.093468844,1,0.333646333,0.215809016,0.558694721,0.028252487,0.197243776
108,2019,SW,Heated,Drought,16,7,4.649024092,4.055386784,0.338803089,0.338803089,1,0.579340969,0.467465365,0.021178742,0.081024302,0.430331592
109,2019,NE,Control,Drought,1,1,1,1,1,1,1,1,0,0,0,1
109,2019,NW,Heated,Drought,1,1,1,1,1,1,1,1,0,0,0,1
109,2019,SE,Control,Control,1,1,1,1,1,1,1,1,0,0,0,1
109,2019,SW,Heated,Control,1,1,1,1,1,1,1,1,0,0,0,1
110,2019,NE,Control,Control,4,2,1.513275663,1.33017944,0.85480859,0,1,0.66508972,0.14519141,0,0,0.85480859
110,2019,NW,Heated,Control,4,3,2.169142791,1.975000563,0.619811391,0,1,0.658333521,0.380188609,0,0,0.619811391
110,2019,SE,Control,Drought,4,3,1.108491528,1.040357465,0.98024534,0,1,0.346785822,0.01975466,0,0,0.98024534
110,2019,SW,Heated,Drought,4,3,2.67763407,2.439034503,0.547994701,0,1,0.813011501,0.452005299,0,0,0.547994701
137,2019,NE,Control,Drought,1,1,1,1,1,0,1,1,1,0,0,0
137,2019,NW,Heated,Control,1,1,1,1,1,0,1,1,1,0,0,0
137,2019,SE,Control,Control,1,1,1,1,1,0,1,1,1,0,0,0
137,2019,SW,Heated,Drought,1,1,1,1,1,0,1,1,1,0,0,0
138,2019,NE,Control,Drought,4,2,1.219349206,1.104824659,0.950067217,0,1,0.552412329,0,0.950067217,0.049932783,0
138,2019,NW,Heated,Drought,4,3,1.680956729,1.416626348,0.825005293,0,1,0.472208783,0,0.84194368,0.15805632,0
138,2019,SE,Control,Control,4,3,1.23654085,1.111027083,0.947324841,0,1,0.370342361,0,0.948598726,0.051401274,0
138,2019,SW,Heated,Control,4,3,1.500593602,1.244420067,0.892659422,0,1,0.414806689,0,0.924133689,0.075866311,0
167,2019,NE,Control,Control,1,1,1,1,1,0,1,1,0,1,0,0
167,2019,NW,Heated,Control,1,1,1,1,1,0,1,1,0,1,0,0
167,2019,SE,Control,Drought,1,1,1,1,1,0,1,1,0,1,0,0
167,2019,SW,Heated,Drought,1,1,1,1,1,0,1,1,0,1,0,0
176,2019,NE,Control,Drought,4,3,1.96464394,1.69736993,0.72642663,0,1,0.565789977,0,0.72642663,0.027173913,0.246399457
176,2019,NW,Heated,Control,4,2,1.013511095,1.003684867,0.998160949,0,1,0.501842433,0,0.998160949,0,0.001839051
176,2019,SE,Control,Control,4,3,2.092037438,1.81526895,0.690392907,0,1,0.60508965,0,0.690392907,0.040104124,0.269502969
176,2019,SW,Heated,Drought,4,3,1.256154042,1.118336825,0.944148745,0,1,0.372778942,0,0.944148745,0.003344602,0.052506653
201,2019,NE,Control,Control,4,3,2.227094382,1.974171779,0.637725048,0,1,0.65805726,0.362274952,0,0,0.637725048
201,2019,NW,Heated,Control,4,2,1.886412098,1.794295801,0.669295168,0,1,0.8971479,1,0,0,0
201,2019,SE,Control,Drought,4,3,1.840522563,1.606755768,0.753528126,0,1,0.535585256,0.766779302,0,0,0.233220698
201,2019,SW,Heated,Drought,4,3,1.471076591,1.224865021,0.900422688,0,1,0.40828834,0.931534454,0,0,0.068465546
202,2019,NE,Control,Control,16,9,4.959399296,3.952647296,0.409630536,0.409630536,1,0.439183033,0.195092996,0.207468432,0.043296039,0.554142533
202,2019,NW,Heated,Drought,16,7,2.106667467,1.459834096,0.823485415,0.823485415,1,0.208547728,0.06854899,0.052486911,0.024308153,0.854655946
202,2019,SE,Control,Drought,16,7,3.767034237,2.776951049,0.553081353,0.553081353,1,0.396707293,0.267680183,0.117378227,0.020355819,0.594585772
202,2019,SW,Heated,Control,16,12,5.316547828,3.540695165,0.479658983,0.479658983,1,0.29505793,0.20201047,0.197520541,0.032592889,0.5678761
220,2019,NE,Control,Drought,16,9,5.196959626,3.776509019,0.41573903,0.41573903,1,0.419612113,0.182791077,0.289981519,0.027807625,0.499419779
220,2019,NW,Heated,Control,16,9,4.867161656,3.500467462,0.476830161,0.476830161,1,0.388940829,0.150292826,0.181076135,0.010248902,0.658382138
220,2019,SE,Control,Control,16,9,5.141794013,4.231413889,0.377484829,0.146181209,1,0.470157099,0.206444863,0,0.018790542,0.774764595
220,2019,SW,Heated,Drought,16,9,4.698960872,3.952401427,0.329720761,0.329720761,1,0.439155714,0.392593639,0.217460373,0.040703216,0.349242772
223,2019,NE,Control,Drought,4,3,1.129706387,1.047095227,0.977083645,0,1,0.349031742,0,0.977083645,0.022916355,0
223,2019,NW,Heated,Drought,4,3,1.298432379,1.1244871,0.94213598,0,1,0.374829033,0,0.94213598,0.05786402,0
223,2019,SE,Control,Control,4,3,1.766108737,1.449745776,0.816737756,0,1,0.483248592,0,0.816737756,0.183262244,0
223,2019,SW,Heated,Control,4,2,1.297852874,1.155970245,0.92724359,0,1,0.577985122,0,0.92724359,0.07275641,0
229,2019,NE,Control,Control,4,3,2.000536596,1.930947545,0.602084219,0.602084219,1,0.643649182,0.003757266,0,0,0.996242734
229,2019,NW,Heated,Control,4,4,2.555988651,2.096300515,0.643566111,0.218185041,1,0.524075129,0.1224743,0,0.015774548,0.861751152
229,2019,SE,Control,Drought,4,4,1.733088382,1.374104132,0.846049046,0.053133515,1,0.343526033,0.095367847,0,0.005449591,0.899182561
229,2019,SW,Heated,Drought,4,4,3.772016352,3.566524336,0.385770804,0.262857909,1,0.891631084,0.385770804,0,0.156440689,0.457788507
230,2019,NE,Control,Control,1,1,1,1,1,0,1,1,0,0,0,1
230,2019,NW,Heated,Drought,1,1,1,1,1,0,1,1,0,0,0,1
230,2019,SE,Control,Drought,1,1,1,1,1,0,1,1,0,0,0,1
230,2019,SW,Heated,Control,1,1,1,1,1,0,1,1,0,0,0,1
233,2019,NE,Control,Drought,4,3,1.487754289,1.229924419,0.898825823,0,1,0.409974806,0.04548197,0.898825823,0.055692208,0
233,2019,NW,Heated,Drought,4,3,2.723214137,2.52856955,0.51357139,0,1,0.842856517,0.51357139,0.325124471,0.161304138,0
233,2019,SE,Control,Control,4,3,2.529930153,2.226817105,0.601132569,0,1,0.742272368,0.263322201,0.601132569,0.13554523,0
233,2019,SW,Heated,Control,4,3,2.12474427,1.871597642,0.668348352,0,1,0.623865881,0.293530459,0.668348352,0.038121189,0
237,2019,NE,Control,Drought,1,1,1,1,1,0,1,1,0,0,1,0
237,2019,NW,Heated,Drought,1,1,1,1,1,0,1,1,0,0,1,0
237,2019,SE,Control,Control,1,1,1,1,1,0,1,1,0,0,1,0
237,2019,SW,Heated,Control,1,1,1,1,1,0,1,1,0,0,1,0
253,2019,NE,Control,Control,16,8,5.272230377,3.83043947,0.451573268,0.451573268,1,0.478804934,0.220791709,0.071585021,0.07479032,0.63283295
253,2019,NW,Heated,Control,16,7,1.98849069,1.469092028,0.817260996,0.817260996,1,0.20987029,0.054599695,0.00138754,0.022200638,0.921812127
253,2019,SE,Control,Drought,16,9,4.212162625,3.208716463,0.465377971,0.465377971,1,0.356524051,0.346780595,0.110332913,0.012746883,0.530139609
253,2019,SW,Heated,Drought,16,8,2.295325281,1.544092007,0.799070986,0.799070986,1,0.193011501,0.125734477,0,0.011910434,0.86235509
268,2019,NE,Control,Drought,1,1,1,1,1,0,1,1,0,0,1,0
268,2019,NW,Heated,Drought,1,1,1,1,1,0,1,1,0,0,1,0
268,2019,SE,Control,Control,1,1,1,1,1,0,1,1,0,0,1,0
268,2019,SW,Heated,Control,1,1,1,1,1,0,1,1,0,0,1,0
273,2019,NE,Control,Drought,16,8,1.813802079,1.354227473,0.855188361,0.855188361,1,0.169278434,0.072974275,0.018383274,0.022622603,0.886019848
273,2019,NW,Heated,Control,16,4,1.414394547,1.185165251,0.916220285,0.916220285,1,0.296291313,0.063989345,0.012551756,0.007238614,0.916220285
273,2019,SE,Control,Control,16,10,4.356418474,2.922641005,0.532680022,0.532680022,1,0.292264101,0.055300205,0.311219033,0.047610788,0.585869974
273,2019,SW,Heated,Drought,16,6,2.352896269,1.694412188,0.753626458,0.753626458,1,0.282402031,0.125277624,0.091372848,0.021515825,0.761833703
280,2019,NE,Control,Control,1,1,1,1,1,0,1,1,0,0,0,1
280,2019,NW,Heated,Control,1,1,1,1,1,0,1,1,0,0,0,1
280,2019,SE,Control,Drought,1,1,1,1,1,0,1,1,0,0,0,1
280,2019,SW,Heated,Drought,1,1,1,1,1,0,1,1,0,0,0,1
282,2019,NE,Control,Drought,1,1,1,1,1,0,1,1,0,0,0,1
282,2019,NW,Heated,Drought,1,1,1,1,1,0,1,1,0,0,0,1
282,2019,SE,Control,Control,1,1,1,1,1,0,1,1,0,0,0,1
282,2019,SW,Heated,Control,1,1,1,1,1,0,1,1,0,0,0,1
286,2019,NE,Control,Control,4,4,2.459475589,2.069903733,0.628868766,0,1,0.517475933,0.2882822,0,0.017975402,0.693742398
286,2019,NW,Heated,Control,4,4,2.602021597,2.299854829,0.570355269,0,1,0.574963707,0.570355269,0,0.004530524,0.425114207
286,2019,SE,Control,Drought,4,4,3.280612319,3.141948136,0.348138421,0,1,0.785487034,0.348138421,0,0.025722231,0.626139348
286,2019,SW,Heated,Drought,4,4,3.055333129,2.807735021,0.46070133,0,1,0.701933755,0.46070133,0,0.018923821,0.520374849
290,2019,NE,Control,Control,1,1,1,1,1,0,1,1,0,1,0,0
290,2019,NW,Heated,Drought,1,1,1,1,1,0,1,1,0,1,0,0
290,2019,SE,Control,Drought,1,1,1,1,1,0,1,1,0,1,0,0
291,2019,NE,Control,Control,1,1,1,1,1,0,1,1,1,0,0,0
291,2019,NW,Heated,Drought,1,1,1,1,1,0,1,1,1,0,0,0
291,2019,SE,Control,Drought,1,1,1,1,1,0,1,1,1,0,0,0
291,2019,SW,Heated,Control,1,1,1,1,1,0,1,1,1,0,0,0
299,2019,NE,Control,Control,16,9,4.901887411,4.128118848,0.32959698,0.32959698,1,0.458679872,0.453564113,0.001081778,0.034985154,0.510368955
299,2019,NW,Heated,Control,16,4,2.304076839,1.882999351,0.685499446,0.685499446,1,0.470749838,0.239821801,0,0.016661087,0.743517112
299,2019,SE,Control,Drought,16,11,4.061349022,2.881254637,0.49935664,0.49935664,1,0.26193224,0.312262162,0.062063679,0.011142443,0.614531716
299,2019,SW,Heated,Drought,16,6,3.543042327,2.802843077,0.513124672,0.513124672,1,0.467140513,0.426738443,0,0.032505995,0.540755562
301,2019,NE,Control,Control,16,7,4.996719082,4.545217726,0.334266415,0.334266415,1,0.649316818,0.291730055,0,0.012535751,0.695734193
301,2019,NW,Heated,Drought,16,8,5.689367889,4.499041756,0.334457965,0.334457965,1,0.56238022,0.425110619,0.057909292,0.055309735,0.461670354
301,2019,SE,Control,Drought,16,8,5.760579623,4.574470878,0.372747415,0.372747415,1,0.57180886,0.238330871,0.3288774,0.022156573,0.410635155
301,2019,SW,Heated,Control,16,7,2.784490425,2.273192128,0.608777537,0.166647643,1,0.324741733,0.203173154,0.014838489,0.001255564,0.780732793
325,2019,NE,Control,Drought,4,4,2.279244268,2.060446181,0.580975888,0,1,0.515111545,0.580975888,0.011391684,0.38352003,0.024112398
325,2019,NW,Heated,Drought,4,3,2.631551694,2.339871337,0.583679115,0,1,0.779957112,0.583679115,0,0.204218534,0.212102351
325,2019,SE,Control,Control,4,4,3.28741012,2.955029621,0.461215933,0,1,0.738757405,0.461215933,0.053222425,0.292621898,0.192939744
325,2019,SW,Heated,Control,4,4,2.617121905,2.330271622,0.485411141,0,1,0.582567906,0.485411141,0.435897436,0.053625111,0.025066313
328,2019,NE,Control,Control,16,7,3.784500581,3.096580469,0.435303236,0.435303236,1,0.442368638,0.440457276,0,0.025305173,0.534237551
328,2019,NW,Heated,Drought,16,5,1.65362251,1.292835146,0.875806535,0.875806535,1,0.258567029,0.112166417,0,0.012027048,0.875806535
328,2019,SE,Control,Drought,16,8,4.601227636,3.595661952,0.436358928,0.436358928,1,0.449457744,0.263239674,0.145021365,0.082869351,0.50886961
328,2019,SW,Heated,Control,16,7,3.377947754,2.697956853,0.485963353,0.355948728,1,0.385422408,0.600091762,0.015484759,0.028474751,0.355948728
338,2019,NE,Control,Control,1,1,1,1,1,0,1,1,0,1,0,0
338,2019,NW,Heated,Drought,1,1,1,1,1,0,1,1,0,1,0,0
338,2019,SE,Control,Drought,1,1,1,1,1,0,1,1,0,1,0,0
338,2019,SW,Heated,Control,1,1,1,1,1,0,1,1,0,1,0,0
29,2020,NE,Control,Control,1,1,1,1,1,0,1,1,1,0,0,0
29,2020,NW,Heated,Drought,1,1,1,1,1,0,1,1,1,0,0,0
29,2020,SE,Control,Drought,1,1,1,1,1,0,1,1,1,0,0,0
29,2020,SW,Heated,Control,1,1,1,1,1,0,1,1,1,0,0,0
69,2020,NE,Control,Drought,1,1,1,1,1,0,1,1,0,1,0,0
69,2020,SE,Control,Control,1,1,1,1,1,0,1,1,0,1,0,0
69,2020,SW,Heated,Drought,1,1,1,1,1,0,1,1,0,1,0,0
82,2020,NE,Control,Drought,16,8,5.759489309,4.828259401,0.331330411,0.1833027,1,0.603532425,0.205004948,0.130072105,0.058885904,0.606037042
82,2020,NW,Heated,Control,16,8,4.071569825,3.099107444,0.502208647,0.502208647,1,0.38738843,0.366259398,0.002819549,0.008129699,0.622791353
82,2020,SE,Control,Control,16,8,2.623581162,1.95699368,0.675095639,0.675095639,1,0.24462421,0.239479725,0.01503443,0.007651109,0.737834736
82,2020,SW,Heated,Drought,16,8,3.328092978,2.306755285,0.624012799,0.624012799,1,0.288344411,0.207902689,0.036212194,0.011173468,0.744711648
83,2020,NE,Control,Control,1,1,1,1,1,0,1,1,1,0,0,0
83,2020,NW,Heated,Drought,1,1,1,1,1,0,1,1,1,0,0,0
83,2020,SE,Control,Drought,1,1,1,1,1,0,1,1,1,0,0,0
83,2020,SW,Heated,Control,1,1,1,1,1,0,1,1,1,0,0,0
108,2020,NE,Control,Drought,16,6,2.083122291,1.528397309,0.800097733,0.083405004,1,0.254732885,0.802580141,0,0.028792025,0.168627834
108,2020,NW,Heated,Control,16,8,4.641055674,3.606522382,0.431873639,0.249075119,1,0.450815298,0.499908168,0.090782673,0.023272899,0.386036261
108,2020,SE,Control,Control,16,6,3.594365669,3.02976602,0.473856732,0.473856732,1,0.504961003,0.22601535,0,0.031979533,0.742005117
108,2020,SW,Heated,Drought,16,8,4.700570217,3.822511099,0.363942677,0.099505246,1,0.477813887,0.681566152,0.016761921,0.114859678,0.186812249
109,2020,NE,Control,Drought,1,1,1,1,1,1,1,1,0,0,0,1
109,2020,NW,Heated,Drought,1,1,1,1,1,1,1,1,0,0,0,1
109,2020,SE,Control,Control,1,1,1,1,1,1,1,1,0,0,0,1
109,2020,SW,Heated,Control,1,1,1,1,1,1,1,1,0,0,0,1
110,2020,NE,Control,Control,4,3,1.616787829,1.403628458,0.827004219,0,1,0.467876153,0.172995781,0,0,0.827004219
110,2020,NW,Heated,Control,4,4,2.939846656,2.773093195,0.472778242,0,1,0.693273299,0.522942999,0,0.004278759,0.472778242
110,2020,SE,Control,Drought,4,3,1.198896852,1.088792028,0.957465128,0,1,0.362930676,0.042534872,0,0,0.957465128
110,2020,SW,Heated,Drought,4,3,2.815519,2.666041727,0.483679525,0,1,0.888680576,0.516320475,0,0,0.483679525
137,2020,NE,Control,Drought,1,1,1,1,1,0,1,1,1,0,0,0
137,2020,NW,Heated,Control,1,1,1,1,1,0,1,1,1,0,0,0
137,2020,SE,Control,Control,1,1,1,1,1,0,1,1,1,0,0,0
137,2020,SW,Heated,Drought,1,1,1,1,1,0,1,1,1,0,0,0
138,2020,NE,Control,Drought,4,3,1.448392741,1.213415392,0.904808797,0,1,0.404471797,0,0.973740358,0.026259642,0
138,2020,NW,Heated,Drought,4,2,1.172584297,1.07733707,0.962717302,0,1,0.538668535,0,0.962717302,0.037282698,0
138,2020,SE,Control,Control,4,3,1.210190122,1.093091907,0.955535885,0,1,0.364363969,0,0.997752962,0.002247038,0
138,2020,SW,Heated,Control,4,3,1.186056011,1.070501454,0.966206197,0,1,0.356833818,0,0.985951768,0.014048232,0
167,2020,NE,Control,Control,1,1,1,1,1,0,1,1,0,1,0,0
167,2020,NW,Heated,Control,1,1,1,1,1,0,1,1,0,1,0,0
167,2020,SE,Control,Drought,1,1,1,1,1,0,1,1,0,1,0,0
167,2020,SW,Heated,Drought,1,1,1,1,1,0,1,1,0,1,0,0
176,2020,NE,Control,Drought,4,3,1.79871724,1.522417613,0.787274741,0,1,0.507472538,0,0.787274741,0.021443673,0.191281587
176,2020,NW,Heated,Control,4,3,1.483073508,1.29752306,0.868010345,0,1,0.432507687,0,0.868010345,0.000624275,0.131365379
176,2020,SE,Control,Control,4,3,1.296207875,1.130292305,0.939267016,0,1,0.376764102,0,0.939267016,0.012198953,0.048534031
176,2020,SW,Heated,Drought,4,3,1.81139803,1.549859965,0.776226463,0,1,0.516619988,0,0.776226463,0.017932625,0.205840912
201,2020,NE,Control,Control,4,3,2.361217858,2.185208984,0.535526316,0,1,0.728402995,0.464473684,0,0,0.535526316
201,2020,NW,Heated,Control,4,3,1.947915751,1.697283312,0.724226617,0,1,0.565761104,0.746685503,0,0,0.253314497
201,2020,SE,Control,Drought,4,3,2.619802272,2.365109655,0.561666667,0,1,0.788369885,0.705747126,0,0,0.294252874
201,2020,SW,Heated,Drought,4,3,1.773880902,1.530575441,0.781553398,0,1,0.510191814,0.794174757,0,0,0.205825243
202,2020,NE,Control,Control,16,11,4.80601301,3.606243076,0.428500921,0.428500921,1,0.32784028,0.260179578,0.223485639,0.029746199,0.486588584
202,2020,NW,Heated,Drought,16,7,2.563244712,1.82551383,0.72110427,0.72110427,1,0.26078769,0.228141928,0.009854896,0.023777928,0.738225249
202,2020,SE,Control,Drought,16,8,3.50507485,2.353509418,0.62356533,0.62356533,1,0.294188677,0.128531313,0.206441643,0.017093534,0.64793351
202,2020,SW,Heated,Control,16,6,3.522545215,2.671573553,0.563315577,0.563315577,1,0.445262259,0.104675742,0.129844142,0.029677856,0.73580226
220,2020,NE,Control,Drought,16,9,3.730484442,2.821360581,0.477015759,0.477015759,1,0.313484509,0.372549876,0.031125857,0.02064871,0.575675558
220,2020,NW,Heated,Control,16,7,3.87910471,3.059181962,0.47870296,0.47870296,1,0.437025995,0.399944093,0,0.015129809,0.584926098
220,2020,SE,Control,Control,16,8,3.350521981,2.247510129,0.640320953,0.640320953,1,0.280938766,0.280882141,0,0.020804305,0.698313554
220,2020,SW,Heated,Drought,16,8,2.263818948,1.543058961,0.798282841,0.798282841,1,0.19288237,0.133618438,0.007606425,0.030033951,0.828741186
223,2020,NE,Control,Drought,4,3,1.51311345,1.251953515,0.889767672,0,1,0.417317838,0,0.889767672,0.110232328,0
223,2020,NW,Heated,Drought,4,2,1.014631493,1.004039783,0.997984172,0,1,0.502019892,0,0.997984172,0.002015828,0
223,2020,SE,Control,Control,4,3,1.260829348,1.105880273,0.950261968,0,1,0.368626758,0,0.950261968,0.049738032,0
223,2020,SW,Heated,Control,4,3,1.186974833,1.083998919,0.959643135,0,1,0.361332973,0,0.959643135,0.040356865,0
229,2020,NE,Control,Control,4,4,2.604685293,2.350781752,0.483394161,0.073783455,1,0.587695438,0.483394161,0,0.011374696,0.505231144
229,2020,NW,Heated,Control,4,4,3.120216286,2.85089368,0.42293704,0.376626525,1,0.71272342,0.170775075,0,0.029661359,0.799563566
229,2020,SE,Control,Drought,4,4,3.2046191,2.858384995,0.479249516,0.188334863,1,0.714596249,0.287549709,0,0.044865912,0.667584379
229,2020,SW,Heated,Drought,4,4,3.247932069,2.839590077,0.487492373,0.140067986,1,0.709897519,0.299224266,0,0.073215375,0.627560359
230,2020,NE,Control,Control,1,1,1,1,1,0,1,1,0,0,0,1
230,2020,NW,Heated,Drought,1,1,1,1,1,0,1,1,0,0,0,1
230,2020,SE,Control,Drought,1,1,1,1,1,0,1,1,0,0,0,1
230,2020,SW,Heated,Control,1,1,1,1,1,0,1,1,0,0,0,1
233,2020,NE,Control,Drought,4,3,1.100771212,1.034994663,0.982852665,0,1,0.344998221,0.003981191,0.982852665,0.013166144,0
233,2020,NW,Heated,Drought,4,3,1.792838022,1.448588433,0.819582119,0,1,0.482862811,0.124392614,0.819582119,0.056025267,0
233,2020,SE,Control,Control,4,3,1.98338071,1.623929726,0.762261365,0,1,0.541309909,0.175825335,0.762261365,0.0619133,0
233,2020,SW,Heated,Control,4,3,1.376204802,1.18786763,0.914178679,0,1,0.395955877,0.077834405,0.914178679,0.007986917,0
237,2020,NE,Control,Drought,1,1,1,1,1,0,1,1,0,0,1,0
237,2020,NW,Heated,Drought,1,1,1,1,1,0,1,1,0,0,1,0
237,2020,SE,Control,Control,1,1,1,1,1,0,1,1,0,0,1,0
237,2020,SW,Heated,Control,1,1,1,1,1,0,1,1,0,0,1,0
253,2020,NE,Control,Control,16,8,3.544312456,2.654456305,0.533541766,0.288860192,1,0.331807038,0.556208795,0.018555019,0.034663223,0.390572963
253,2020,NW,Heated,Control,16,9,4.350619308,3.406567808,0.408303606,0.408303606,1,0.378507534,0.45209954,0.048437701,0.013495509,0.48596725
253,2020,SE,Control,Drought,16,7,4.036776629,2.878901316,0.532763292,0.532763292,1,0.411271617,0.307568574,0.04343041,0.069420928,0.579580088
253,2020,SW,Heated,Drought,16,10,4.119755598,3.075655715,0.445896339,0.445896339,1,0.307565571,0.12417068,0.34843229,0.024012393,0.503384636
268,2020,NE,Control,Drought,1,1,1,1,1,0,1,1,0,0,1,0
268,2020,NW,Heated,Drought,1,1,1,1,1,0,1,1,0,0,1,0
268,2020,SE,Control,Control,1,1,1,1,1,0,1,1,0,0,1,0
268,2020,SW,Heated,Control,1,1,1,1,1,0,1,1,0,0,1,0
273,2020,NE,Control,Drought,16,7,1.717077857,1.285420075,0.879840371,0.879840371,1,0.183631439,0.04291967,0.016477858,0.028836251,0.91176622
273,2020,NW,Heated,Control,16,6,1.551717818,1.237003117,0.896244686,0.896244686,1,0.206167186,0.068493151,0.014170997,0.016839868,0.900495985
273,2020,SE,Control,Control,16,9,2.118031096,1.493248911,0.811227477,0.811227477,1,0.165916546,0.018495631,0.096836445,0.026171426,0.858496498
273,2020,SW,Heated,Drought,16,6,2.413308237,1.776510146,0.731008995,0.731008995,1,0.296085024,0.08786322,0.141734522,0.022336386,0.748065872
280,2020,NE,Control,Control,1,1,1,1,1,0,1,1,0,0,0,1
280,2020,NW,Heated,Control,1,1,1,1,1,0,1,1,0,0,0,1
280,2020,SE,Control,Drought,1,1,1,1,1,0,1,1,0,0,0,1
280,2020,SW,Heated,Drought,1,1,1,1,1,0,1,1,0,0,0,1
282,2020,NE,Control,Drought,1,1,1,1,1,0,1,1,0,0,0,1
282,2020,NW,Heated,Drought,1,1,1,1,1,0,1,1,0,0,0,1
282,2020,SE,Control,Control,1,1,1,1,1,0,1,1,0,0,0,1
282,2020,SW,Heated,Control,1,1,1,1,1,0,1,1,0,0,0,1
286,2020,NE,Control,Control,4,4,2.144516042,2.014477305,0.573486527,0,1,0.503619326,0.40901668,0,0.002741164,0.588242156
286,2020,NW,Heated,Control,4,4,2.289799316,2.129660005,0.519276285,0,1,0.532415001,0.446010624,0,0.003523905,0.550465471
286,2020,SE,Control,Drought,4,4,1.308427632,1.116875844,0.945675984,0,1,0.279218961,0.945675984,0,0.018137212,0.036186805
286,2020,SW,Heated,Drought,4,4,2.189636432,1.794968299,0.708889691,0,1,0.448742075,0.708889691,0,0.009623481,0.281486828
290,2020,NE,Control,Control,1,1,1,1,1,0,1,1,0,1,0,0
290,2020,NW,Heated,Drought,1,1,1,1,1,0,1,1,0,1,0,0
290,2020,SE,Control,Drought,1,1,1,1,1,0,1,1,0,1,0,0
291,2020,NE,Control,Control,1,1,1,1,1,0,1,1,1,0,0,0
291,2020,NW,Heated,Drought,1,1,1,1,1,0,1,1,1,0,0,0
291,2020,SE,Control,Drought,1,1,1,1,1,0,1,1,1,0,0,0
291,2020,SW,Heated,Control,1,1,1,1,1,0,1,1,1,0,0,0
299,2020,NE,Control,Control,16,10,5.862522363,4.468546129,0.370568698,0.370568698,1,0.446854613,0.140988274,0.02663865,0.016267878,0.816105199
299,2020,NW,Heated,Control,16,5,3.599399192,3.223595961,0.369357465,0.369357465,1,0.644719192,0.567096911,0,0.024540456,0.408362632
299,2020,SE,Control,Drought,16,9,4.169135706,3.14695064,0.435217371,0.341269463,1,0.349661182,0.093043188,0.068568163,0.01938003,0.819008619
299,2020,SW,Heated,Drought,16,8,2.825519731,2.084567098,0.660921857,0.660921857,1,0.260570887,0.189477928,0.000907075,0.048142176,0.761472821
301,2020,NE,Control,Control,16,6,3.286815916,2.811612207,0.481734243,0.313127258,1,0.468602035,0.013381507,0,0.036531513,0.95008698
301,2020,NW,Heated,Drought,16,10,5.108985704,4.027515458,0.37845746,0.251412995,1,0.402751546,0.090531686,0.557195018,0.039188716,0.31308458
301,2020,SE,Control,Drought,16,9,3.765984365,2.611705241,0.562475505,0.242028004,1,0.290189471,0.043253643,0.573876795,0.061032529,0.321837033
301,2020,SW,Heated,Control,16,8,4.153821159,3.487868956,0.394704584,0.394704584,1,0.435983619,0.300616398,0.237558225,0.048331174,0.413494204
325,2020,NE,Control,Drought,4,4,2.945973659,2.683466985,0.500942986,0,1,0.670866746,0.206513855,0.500942986,0.011605977,0.280937183
325,2020,NW,Heated,Drought,4,4,2.729894611,2.225388935,0.615226784,0,1,0.556347234,0.102662515,0.615226784,0.03975668,0.24235402
325,2020,SE,Control,Control,4,4,2.882654627,2.639557544,0.463606911,0,1,0.659889386,0.463606911,0.376565875,0.011555076,0.148272138
325,2020,SW,Heated,Control,4,4,1.70555244,1.366412302,0.847004194,0,1,0.341603076,0.117046135,0.847004194,0.011593769,0.024355902
328,2020,NE,Control,Control,16,5,1.802806536,1.350213184,0.856914007,0.856914007,1,0.270042637,0.075163399,0,0.009803922,0.91503268
328,2020,NW,Heated,Drought,16,9,4.076706528,3.134889086,0.491482627,0.491482627,1,0.34832101,0.349941321,0.118780895,0.029375156,0.501902628
328,2020,SE,Control,Drought,16,5,1.686175145,1.286769514,0.878963121,0.878963121,1,0.257353903,0.014863288,0.019936083,0.053771623,0.911429006
328,2020,SW,Heated,Control,16,6,2.856480422,1.999883089,0.687444652,0.687444652,1,0.333313848,0.202991243,0.022286726,0.077093378,0.697628653
338,2020,NE,Control,Control,1,1,1,1,1,0,1,1,0,1,0,0
338,2020,NW,Heated,Drought,1,1,1,1,1,0,1,1,0,1,0,0
338,2020,SE,Control,Drought,1,1,1,1,1,0,1,1,0,1,0,0
338,2020,SW,Heated,Control,1,1,1,1,1,0,1,1,0,1,0,0
29,2021,NE,Control,Control,1,1,1,1,1,0,1,1,1,0,0,0
29,2021,NW,Heated,Drought,1,1,1,1,1,0,1,1,1,0,0,0
29,2021,SE,Control,Drought,1,1,1,1,1,0,1,1,1,0,0,0
29,2021,SW,Heated,Control,1,1,1,1,1,0,1,1,1,0,0,0
69,2021,NE,Control,Drought,1,1,1,1,1,0,1,1,0,1,0,0
69,2021,NW,Heated,Control,1,1,1,1,1,0,1,1,0,1,0,0
69,2021,SE,Control,Control,1,1,1,1,1,0,1,1,0,1,0,0
69,2021,SW,Heated,Drought,1,1,1,1,1,0,1,1,0,1,0,0
82,2021,NE,Control,Drought,16,7,4.714812377,3.943292924,0.395738005,0.395738005,1,0.563327561,0.238854752,0.003529873,0.02444764,0.733167734
82,2021,NW,Heated,Control,16,7,4.884459373,4.251600586,0.355295798,0.144328347,1,0.607371512,0.230286402,0.247049538,0.019544464,0.503119597
82,2021,SE,Control,Control,16,7,3.905581625,3.011548621,0.489556664,0.489556664,1,0.430221232,0.106050398,0.280285676,0.000943269,0.612720658
82,2021,SW,Heated,Drought,16,7,3.681040182,3.099443128,0.436199501,0.436199501,1,0.44277759,0.023048851,0.305589346,0.017926884,0.653434919
83,2021,NE,Control,Control,1,1,1,1,1,0,1,1,1,0,0,0
83,2021,NW,Heated,Drought,1,1,1,1,1,0,1,1,1,0,0,0
83,2021,SE,Control,Drought,1,1,1,1,1,0,1,1,1,0,0,0
83,2021,SW,Heated,Control,1,1,1,1,1,0,1,1,1,0,0,0
108,2021,NE,Control,Drought,16,8,3.35363672,2.693181079,0.486705895,0.486705895,1,0.336647635,0.04576659,0.050179797,0.05993244,0.844121172
108,2021,NW,Heated,Control,16,6,3.789567683,3.241178565,0.433433972,0.433433972,1,0.540196427,0.2412424,0.003308656,0.022043922,0.733405021
108,2021,SE,Control,Control,16,7,3.421407646,2.738918085,0.45045045,0.393423423,1,0.391274012,0.45045045,0.037837838,0.084054054,0.427657658
108,2021,SW,Heated,Drought,16,6,4.10337308,3.380759735,0.434881542,0.434881542,1,0.563459956,0.443760318,0.040735288,0.043724624,0.471779771
109,2021,NE,Control,Drought,1,1,1,1,1,1,1,1,0,0,0,1
109,2021,NW,Heated,Drought,1,1,1,1,1,1,1,1,0,0,0,1
109,2021,SE,Control,Control,1,1,1,1,1,1,1,1,0,0,0,1
109,2021,SW,Heated,Control,1,1,1,1,1,1,1,1,0,0,0,1
110,2021,NE,Control,Control,4,3,2.030804585,1.793558333,0.690196078,0,1,0.597852778,0.309803922,0,0,0.690196078
110,2021,NW,Heated,Control,4,3,2.73031676,2.574601305,0.458401662,0,1,0.858200435,0.541598338,0,0,0.458401662
110,2021,SE,Control,Drought,4,3,2.061192034,1.703738924,0.737468031,0,1,0.567912975,0.262531969,0,0,0.737468031
110,2021,SW,Heated,Drought,4,4,1.992093139,1.621649256,0.759720837,0,1,0.405412314,0.231954138,0,0.008325025,0.759720837
138,2021,NE,Control,Drought,4,2,1.12174742,1.050095256,0.975549451,0,1,0.525047628,0,0.975549451,0.024450549,0
138,2021,NW,Heated,Drought,4,1,1,1,1,0,1,1,0,1,0,0
138,2021,SE,Control,Control,4,1,1,1,1,0,1,1,0,1,0,0
138,2021,SW,Heated,Control,4,1,1,1,1,0,1,1,0,1,0,0
167,2021,NE,Control,Control,1,1,1,1,1,0,1,1,0,1,0,0
167,2021,NW,Heated,Control,1,1,1,1,1,0,1,1,0,1,0,0
167,2021,SE,Control,Drought,1,1,1,1,1,0,1,1,0,1,0,0
167,2021,SW,Heated,Drought,1,1,1,1,1,0,1,1,0,1,0,0
176,2021,NE,Control,Drought,4,2,1.502987108,1.320617527,0.858623418,0,1,0.660308764,0,0.858623418,0,0.141376582
176,2021,NW,Heated,Control,4,3,1.366853261,1.194432858,0.91090293,0,1,0.398144286,0,0.91090293,0.002690851,0.086406219
176,2021,SE,Control,Control,4,3,1.304432667,1.145318334,0.932295648,0,1,0.381772778,0,0.932295648,0.005106877,0.062597474
176,2021,SW,Heated,Drought,4,3,1.139511437,1.057955361,0.971828323,0,1,0.352651787,0,0.971828323,0.000441167,0.02773051
201,2021,NE,Control,Control,4,2,1.122112,1.050280268,0.975461255,0,1,0.525140134,0.024538745,0,0,0.975461255
201,2021,NW,Heated,Control,4,2,1.132991661,1.055872358,0.972802376,0,1,0.527936179,0.972802376,0,0,0.027197624
201,2021,SE,Control,Drought,4,2,1.74463862,1.586656034,0.755202199,0,1,0.793328017,0.244797801,0,0,0.755202199
201,2021,SW,Heated,Drought,4,2,1.952193555,1.908404986,0.609539474,0,1,0.954202493,0.390460526,0,0,0.609539474
202,2021,NE,Control,Control,16,7,1.844803526,1.328212281,0.865331226,0.865331226,1,0.189744612,0.018237731,0.004826379,0.025925768,0.951010123
202,2021,NW,Heated,Drought,16,6,1.984946379,1.433374527,0.829795116,0.829795116,1,0.238895754,0.045222694,0.098766136,0.011768729,0.844242442
202,2021,SE,Control,Drought,16,5,1.927433719,1.534233826,0.790411091,0.790411091,1,0.306846765,0.041734861,0.158852412,0.000962742,0.798449986
202,2021,SW,Heated,Control,16,6,2.292509403,1.616876831,0.777227723,0.777227723,1,0.269479472,0.109127475,0.003712871,0.02082302,0.866336634
220,2021,NE,Control,Drought,16,7,3.093520377,2.06671672,0.675585055,0.675585055,1,0.295245246,0.210346243,0.013206514,0.037429862,0.739017381
220,2021,NW,Heated,Control,16,7,4.262558586,3.22831567,0.487479305,0.487479305,1,0.461187953,0.350407009,0,0.029663355,0.619929636
220,2021,SE,Control,Control,16,8,4.384353056,3.686664749,0.348287693,0.348287693,1,0.460833094,0.310286787,0,0.021557584,0.668155629
220,2021,SW,Heated,Drought,16,6,2.840614441,2.15572407,0.643013412,0.643013412,1,0.359287345,0.239703225,0,0.10463236,0.655664415
223,2021,NE,Control,Drought,4,1,1,1,1,0,1,1,0,1,0,0
223,2021,NW,Heated,Drought,4,2,1.027403114,1.008382934,0.995825955,0,1,0.504191467,0,0.995825955,0.004174045,0
223,2021,SE,Control,Control,4,3,1.027626013,1.008133706,0.995950461,0,1,0.336044569,0,0.995950461,0.004049539,0
223,2021,SW,Heated,Control,4,2,1.005784718,1.001396347,0.999302313,0,1,0.500698174,0,0.999302313,0.000697687,0
229,2021,NE,Control,Control,4,2,1.814628819,1.683305555,0.716874629,0.716874629,1,0.841652778,0,0,0,1
229,2021,NW,Heated,Control,4,3,1.853868407,1.730724195,0.697697164,0.301680448,1,0.576908065,0,0,0.000622388,0.999377612
229,2021,SE,Control,Drought,4,3,2.274831807,2.043267108,0.611010284,0.336660617,1,0.681089036,0,0,0.052329099,0.947670901
229,2021,SW,Heated,Drought,4,3,2.482241836,2.225377762,0.579782609,0.32173913,1,0.741792587,0,0,0.098478261,0.901521739
230,2021,NE,Control,Control,1,1,1,1,1,0,1,1,0,0,0,1
230,2021,NW,Heated,Drought,1,1,1,1,1,0,1,1,0,0,0,1
230,2021,SE,Control,Drought,1,1,1,1,1,0,1,1,0,0,0,1
230,2021,SW,Heated,Control,1,1,1,1,1,0,1,1,0,0,0,1
233,2021,NE,Control,Drought,4,2,1.129049266,1.053830211,0.973771815,0,1,0.526915106,0,0.973771815,0.026228185,0
233,2021,NW,Heated,Drought,4,2,1.379663589,1.216016494,0.901470588,0,1,0.608008247,0,0.901470588,0.098529412,0
233,2021,SE,Control,Control,4,2,1.754088323,1.599101419,0.750350959,0,1,0.799550709,0,0.750350959,0.249649041,0
233,2021,SW,Heated,Control,4,2,1.016993386,1.004803525,0.997603978,0,1,0.502401763,0,0.997603978,0.002396022,0
237,2021,NE,Control,Drought,1,1,1,1,1,0,1,1,0,0,1,0
237,2021,NW,Heated,Drought,1,1,1,1,1,0,1,1,0,0,1,0
253,2021,NE,Control,Control,16,9,4.213976409,3.3075484,0.40138936,0.40138936,1,0.367505378,0.372359652,0.1020558,0.031232351,0.494352197
253,2021,NW,Heated,Control,16,6,4.329284976,3.820441827,0.376377471,0.259183138,1,0.636740305,0.16385342,0.572284415,0.004679027,0.259183138
253,2021,SE,Control,Drought,16,5,2.511482454,2.111205631,0.62661406,0.62661406,1,0.422241126,0.267934003,0,0.095767575,0.636298422
253,2021,SW,Heated,Drought,16,6,2.747525709,1.99059799,0.682895531,0.682895531,1,0.331766332,0.210371377,0.002038043,0.036760266,0.750830314
268,2021,NE,Control,Drought,1,1,1,1,1,0,1,1,0,0,1,0
268,2021,NW,Heated,Drought,1,1,1,1,1,0,1,1,0,0,1,0
268,2021,SE,Control,Control,1,1,1,1,1,0,1,1,0,0,1,0
268,2021,SW,Heated,Control,1,1,1,1,1,0,1,1,0,0,1,0
273,2021,NE,Control,Drought,16,5,2.568602039,1.865614226,0.712549178,0.712549178,1,0.373122845,0.044739231,0.221880359,0.020831232,0.712549178
273,2021,NW,Heated,Control,16,5,3.141267661,2.85895683,0.426601902,0.426601902,1,0.571791366,0.18033216,0.367063204,0.02289055,0.429714086
273,2021,SE,Control,Control,16,7,2.155468989,1.502693234,0.810152232,0.810152232,1,0.214670462,0.039174936,0.033927365,0.032212812,0.894684886
273,2021,SW,Heated,Drought,16,4,2.026246817,1.667674741,0.742148525,0.742148525,1,0.416918685,0.219342424,0.018862546,0.019646505,0.742148525
280,2021,NE,Control,Control,1,1,1,1,1,0,1,1,0,0,0,1
280,2021,NW,Heated,Control,1,1,1,1,1,0,1,1,0,0,0,1
280,2021,SE,Control,Drought,1,1,1,1,1,0,1,1,0,0,0,1
280,2021,SW,Heated,Drought,1,1,1,1,1,0,1,1,0,0,0,1
282,2021,NE,Control,Drought,1,1,1,1,1,0,1,1,0,0,0,1
282,2021,NW,Heated,Drought,1,1,1,1,1,0,1,1,0,0,0,1
282,2021,SE,Control,Control,1,1,1,1,1,0,1,1,0,0,0,1
282,2021,SW,Heated,Control,1,1,1,1,1,0,1,1,0,0,0,1
286,2021,NE,Control,Control,4,4,2.925082988,2.68866651,0.482761851,0,1,0.672166628,0.482761851,0,0.010024358,0.507213791
286,2021,NW,Heated,Control,4,4,1.997071264,1.635333765,0.757361465,0,1,0.408833441,0.757361465,0,0.001507072,0.241131463
286,2021,SE,Control,Drought,4,4,2.406462977,2.05874834,0.625685257,0,1,0.514687085,0.625685257,0,0.010744829,0.363569914
286,2021,SW,Heated,Drought,4,4,2.790142075,2.302826128,0.60038382,0,1,0.575706532,0.60038382,0,0.033510481,0.366105698
290,2021,SE,Control,Drought,1,1,1,1,1,0,1,1,0,1,0,0
299,2021,NE,Control,Control,16,6,2.190978601,1.58465699,0.782199083,0.782199083,1,0.264109498,0.026465849,0,0.035143176,0.938390976
299,2021,NW,Heated,Control,16,4,2.2547326,1.97484831,0.62937037,0.62937037,1,0.493712078,0.330851852,0,0.018037037,0.651111111
299,2021,SE,Control,Drought,16,6,3.297419564,2.669191092,0.534257871,0.534257871,1,0.444865182,0.020464768,0.044452774,0.002998501,0.932083958
299,2021,SW,Heated,Drought,16,5,2.733099521,2.080850879,0.65418483,0.65418483,1,0.416170176,0.237140366,0,0.032258065,0.730601569
301,2021,NE,Control,Control,16,6,3.455196281,2.839073839,0.422402028,0.404854748,1,0.473178973,0.100019497,0,0.009066095,0.890914408
301,2021,NW,Heated,Drought,16,7,4.778738436,4.051332073,0.336671896,0.310546639,1,0.578761725,0.401049837,0.003620128,0.148425244,0.446904791
301,2021,SE,Control,Drought,16,7,2.83472792,2.064442463,0.654431599,0.654431599,1,0.294920352,0.24017341,0.043063584,0.030828516,0.685934489
301,2021,SW,Heated,Control,16,6,3.607529815,3.023190767,0.411246982,0.383207415,1,0.503865128,0.412259522,0,0.064880442,0.522860036
325,2021,NE,Control,Drought,4,2,1.763904077,1.612221207,0.745216516,0,1,0.806110603,0,0,0.254783484,0.745216516
325,2021,NW,Heated,Drought,4,2,1.005181475,1.001232394,0.999384182,0,1,0.500616197,0,0,0.000615818,0.999384182
325,2021,SE,Control,Control,4,2,1.16083762,1.070791181,0.965772961,0,1,0.53539559,0,0,0.034227039,0.965772961
325,2021,SW,Heated,Control,4,2,1.340469705,1.186370459,0.914069457,0,1,0.593185229,0,0,0.085930543,0.914069457
328,2021,NE,Control,Control,16,4,1.354229016,1.138521855,0.936401272,0.936401272,1,0.284630464,0.028799424,0,0.022379552,0.948821024
328,2021,NW,Heated,Drought,16,4,2.185240162,2.06975595,0.509379698,0.472775998,1,0.517438988,0.007386104,0.509379698,0.0104582,0.472775998
328,2021,SE,Control,Drought,16,8,3.711425329,2.661234926,0.555865678,0.555865678,1,0.332654366,0.077889228,0.305189708,0.054688181,0.562232883
328,2021,SW,Heated,Control,16,5,2.504526162,1.942734018,0.68538961,0.68538961,1,0.388546804,0.212121212,0,0.098160173,0.689718615
338,2021,NE,Control,Control,1,1,1,1,1,0,1,1,0,1,0,0
338,2021,NW,Heated,Drought,1,1,1,1,1,0,1,1,0,1,0,0
338,2021,SE,Control,Drought,1,1,1,1,1,0,1,1,0,1,0,0
338,2021,SW,Heated,Control,1,1,1,1,1,0,1,1,0,1,0,0
29,2022,NE,Control,Control,1,1,1,1,1,0,1,1,1,0,0,0
29,2022,NW,Heated,Drought,1,1,1,1,1,0,1,1,1,0,0,0
29,2022,SE,Control,Drought,1,1,1,1,1,0,1,1,1,0,0,0
29,2022,SW,Heated,Control,1,1,1,1,1,0,1,1,1,0,0,0
69,2022,NW,Heated,Control,1,1,1,1,1,0,1,1,0,1,0,0
69,2022,SW,Heated,Drought,1,1,1,1,1,0,1,1,0,1,0,0
82,2022,NE,Control,Drought,16,7,2.863549658,2.00782081,0.685200553,0.018257261,1,0.286831544,0.09571231,0.79944675,0,0.104840941
82,2022,NW,Heated,Control,16,7,3.733710154,3.010167716,0.424211389,0.373002868,1,0.430023959,0.505120852,0,0.009832036,0.485047112
82,2022,SE,Control,Control,16,7,4.035223492,3.572372628,0.356390977,0.268170426,1,0.510338947,0.360401003,0.276942356,0,0.362656642
82,2022,SW,Heated,Drought,16,7,3.674934572,3.103387563,0.456462319,0.456462319,1,0.44334108,0.016399844,0.279187817,0.008199922,0.696212417
83,2022,NE,Control,Control,1,1,1,1,1,0,1,1,1,0,0,0
83,2022,NW,Heated,Drought,1,1,1,1,1,0,1,1,1,0,0,0
83,2022,SE,Control,Drought,1,1,1,1,1,0,1,1,1,0,0,0
83,2022,SW,Heated,Control,1,1,1,1,1,0,1,1,1,0,0,0
108,2022,NE,Control,Drought,16,7,3.270211597,2.414868712,0.596507787,0.596507787,1,0.344981245,0.084001888,0.010382256,0.032562529,0.873053327
108,2022,NW,Heated,Control,16,7,4.058548149,2.8835558,0.53962536,0.53962536,1,0.411936543,0.076368876,0.083573487,0.022334294,0.817723343
108,2022,SE,Control,Control,16,6,3.982708274,3.445870034,0.398354877,0.398354877,1,0.574311672,0.282491187,0.217156287,0.009635723,0.490716804
108,2022,SW,Heated,Drought,16,5,3.067045694,2.560288478,0.536113937,0.296371651,1,0.512057696,0.536113937,0,0.043404544,0.420481519
109,2022,NE,Control,Drought,1,1,1,1,1,1,1,1,0,0,0,1
109,2022,NW,Heated,Drought,1,1,1,1,1,1,1,1,0,0,0,1
109,2022,SE,Control,Control,1,1,1,1,1,1,1,1,0,0,0,1
109,2022,SW,Heated,Control,1,1,1,1,1,1,1,1,0,0,0,1
110,2022,NE,Control,Control,4,3,2.910509055,2.829860986,0.4359447,0,1,0.943286995,0.7640553,0,0,0.2359447
110,2022,NW,Heated,Control,4,4,1.320311466,1.137577918,0.936298077,0,1,0.28439448,0.953125,0,0.000801282,0.046073718
110,2022,SE,Control,Drought,4,3,2.058566674,2.008915564,0.540316503,0,1,0.669638521,0.546345139,0,0,0.453654861
110,2022,SW,Heated,Drought,4,2,1.053247477,1.01838925,0.990888383,0,1,0.509194625,0.990888383,0,0,0.009111617
138,2022,NE,Control,Drought,4,2,1.264781474,1.133663337,0.937090433,0,1,0.566831669,0,0.937090433,0.062909567,0
138,2022,NW,Heated,Drought,4,2,1.15662297,1.068478552,0.966856629,0,1,0.534239276,0,0.966856629,0.033143371,0
138,2022,SE,Control,Control,4,2,1.039053623,1.012722131,0.993678887,0,1,0.506361066,0,0.993678887,0.006321113,0
138,2022,SW,Heated,Control,4,3,2.395210716,2.018280581,0.661870504,0,1,0.672760194,0,0.820143885,0.179856115,0
167,2022,NE,Control,Control,1,1,1,1,1,0,1,1,0,1,0,0
167,2022,NW,Heated,Control,1,1,1,1,1,0,1,1,0,1,0,0
167,2022,SE,Control,Drought,1,1,1,1,1,0,1,1,0,1,0,0
167,2022,SW,Heated,Drought,1,1,1,1,1,0,1,1,0,1,0,0
176,2022,NE,Control,Drought,4,3,1.771414978,1.570422219,0.763809524,0,1,0.523474073,0,0.763809524,0.005238095,0.230952381
176,2022,NW,Heated,Control,4,2,1.496134227,1.314323999,0.861142217,0,1,0.657161999,0,0.861142217,0,0.138857783
176,2022,SE,Control,Control,4,3,1.113470849,1.040000205,0.980461243,0,1,0.346666735,0,0.980461243,0.00512492,0.014413837
176,2022,SW,Heated,Drought,4,3,1.681081887,1.397753386,0.833406593,0,1,0.465917795,0,0.833406593,0.024175824,0.142417582
201,2022,NE,Control,Control,4,1,1,1,1,0,1,1,0,0,0,1
201,2022,NW,Heated,Control,4,1,1,1,1,0,1,1,0,0,0,1
201,2022,SE,Control,Drought,4,2,1.241504565,1.118627313,0.943820225,0,1,0.559313656,0.056179775,0,0,0.943820225
201,2022,SW,Heated,Drought,4,2,1.025379434,1.007662723,0.996183206,0,1,0.503831361,0.003816794,0,0,0.996183206
202,2022,NE,Control,Control,16,8,3.862382988,3.079034708,0.463726613,0.463726613,1,0.384879338,0,0.315005727,0.008591065,0.676403207
202,2022,NW,Heated,Drought,16,7,3.239962069,2.433262156,0.574795666,0.574795666,1,0.347608879,0.273141988,0.042197301,0.019768105,0.664892606
202,2022,SE,Control,Drought,16,8,4.39418958,3.461491094,0.431496537,0.431496537,1,0.432686387,0.421860885,0.006323397,0.019271304,0.552544414
202,2022,SW,Heated,Control,16,7,2.995798484,2.285754682,0.621468927,0.621468927,1,0.326536383,0.189917427,0,0.00412864,0.805953933
220,2022,NE,Control,Drought,16,7,3.763021785,2.727486633,0.563570784,0.563570784,1,0.389640948,0.018034265,0.059513075,0.104598738,0.817853922
220,2022,NW,Heated,Control,16,8,5.521091758,4.553005056,0.298948423,0.29794692,1,0.569125632,0.298447672,0,0.01352028,0.688032048
220,2022,SE,Control,Control,16,6,3.695489258,3.244431864,0.422301305,0.309015421,1,0.540738644,0.104389087,0,0.008303677,0.887307236
220,2022,SW,Heated,Drought,16,5,2.221851855,1.919346479,0.657545381,0.657545381,1,0.383869296,0.294500135,0,0.043619615,0.661880249
223,2022,NE,Control,Drought,4,3,1.049768649,1.015001054,0.992567358,0,1,0.338333685,0,0.992567358,0.007432642,0
223,2022,NW,Heated,Drought,4,3,1.052053091,1.016443481,0.99185336,0,1,0.338814494,0,0.99185336,0.00814664,0
223,2022,SE,Control,Control,4,3,1.136824327,1.050226659,0.975602127,0,1,0.350075553,0,0.975602127,0.024397873,0
223,2022,SW,Heated,Control,4,2,1.031968396,1.010045791,0.995002082,0,1,0.505022895,0,0.995002082,0.004997918,0
229,2022,NE,Control,Control,4,3,1.907523963,1.736262466,0.7004662,0.291958042,1,0.578754155,0,0,0.007575758,0.992424242
229,2022,NW,Heated,Control,4,3,2.014915597,1.774490659,0.697014925,0.27761194,1,0.591496886,0,0,0.025373134,0.974626866
229,2022,SE,Control,Drought,4,3,2.179755462,1.776060802,0.724615385,0.132307692,1,0.592020267,0,0,0.143076923,0.856923077
229,2022,SW,Heated,Drought,4,3,2.423759995,2.05369069,0.653094463,0.16286645,1,0.684563563,0,0,0.184039088,0.815960912
230,2022,NE,Control,Control,1,1,1,1,1,0,1,1,0,0,0,1
230,2022,NW,Heated,Drought,1,1,1,1,1,0,1,1,0,0,0,1
230,2022,SE,Control,Drought,1,1,1,1,1,0,1,1,0,0,0,1
230,2022,SW,Heated,Control,1,1,1,1,1,0,1,1,0,0,0,1
233,2022,NE,Control,Drought,4,2,1.174133385,1.078211233,0.962310528,0,1,0.539105617,0,0.962310528,0.037689472,0
233,2022,NW,Heated,Drought,4,2,1.130768032,1.054718339,0.97334999,0,1,0.527359169,0,0.97334999,0.02665001,0
233,2022,SE,Control,Control,4,2,1.868758647,1.765777602,0.682102628,0,1,0.882888801,0,0.317897372,0.682102628,0
233,2022,SW,Heated,Control,4,2,1.999825667,1.99965139,0.506601807,0,1,0.999825695,0,0.493398193,0.506601807,0
237,2022,NE,Control,Drought,1,1,1,1,1,0,1,1,0,0,1,0
237,2022,NW,Heated,Drought,1,1,1,1,1,0,1,1,0,0,1,0
253,2022,NE,Control,Control,16,7,3.495293963,2.686485735,0.553581829,0.112114153,1,0.383783676,0.555620268,0.207338381,0.009027373,0.228013978
253,2022,NW,Heated,Control,16,7,5.476630109,4.85865867,0.313102119,0.219171484,1,0.694094096,0.449903661,0.037572254,0.014450867,0.498073218
253,2022,SE,Control,Drought,16,6,5.437086175,5.189359737,0.236,0.176,1,0.864893289,0.236,0,0.231,0.533
253,2022,SW,Heated,Drought,16,4,2.502070774,2.138973939,0.610657966,0.296356716,1,0.534743485,0.610657966,0,0.081566069,0.307775965
268,2022,NE,Control,Drought,1,1,1,1,1,0,1,1,0,0,1,0
268,2022,NW,Heated,Drought,1,1,1,1,1,0,1,1,0,0,1,0
268,2022,SE,Control,Control,1,1,1,1,1,0,1,1,0,0,1,0
268,2022,SW,Heated,Control,1,1,1,1,1,0,1,1,0,0,1,0
273,2022,NE,Control,Drought,16,6,2.40910617,1.785108262,0.728665208,0.728665208,1,0.297518044,0.142013129,0.092888403,0.007439825,0.757658643
273,2022,NW,Heated,Control,16,6,3.319458219,2.888997131,0.461076537,0.461076537,1,0.481499522,0.021181352,0.313243804,0.007970302,0.657604542
273,2022,SE,Control,Control,16,7,3.673909946,2.767934527,0.539673527,0.539673527,1,0.395419218,0.113129879,0.012491128,0.016749468,0.857629524
273,2022,SW,Heated,Drought,16,8,4.797530821,3.589942579,0.459929907,0.164602804,1,0.448742822,0.160981308,0.069509346,0.039018692,0.730490654
280,2022,NE,Control,Control,1,1,1,1,1,0,1,1,0,0,0,1
280,2022,NW,Heated,Control,1,1,1,1,1,0,1,1,0,0,0,1
280,2022,SE,Control,Drought,1,1,1,1,1,0,1,1,0,0,0,1
280,2022,SW,Heated,Drought,1,1,1,1,1,0,1,1,0,0,0,1
282,2022,NE,Control,Drought,1,1,1,1,1,0,1,1,0,0,0,1
282,2022,SE,Control,Control,1,1,1,1,1,0,1,1,0,0,0,1
282,2022,SW,Heated,Control,1,1,1,1,1,0,1,1,0,0,0,1
286,2022,NE,Control,Control,4,3,1.780838764,1.611426646,0.746470227,0,1,0.537142215,0.746470227,0,0,0.253529773
286,2022,NW,Heated,Control,4,3,1.31249479,1.136306528,0.936796537,0,1,0.378768843,0.936796537,0,0.046753247,0.016450216
286,2022,SE,Control,Drought,4,4,3.135765329,3.01011065,0.387522496,0,1,0.752527662,0.387522496,0,0.013197361,0.599280144
286,2022,SW,Heated,Drought,4,4,1.494694741,1.254272433,0.887375114,0,1,0.313568108,0.887375114,0,0.010899183,0.101725704
290,2022,NW,Heated,Drought,1,1,1,1,1,0,1,1,0,1,0,0
290,2022,SE,Control,Drought,1,1,1,1,1,0,1,1,0,1,0,0
299,2022,NE,Control,Control,16,7,4.164240676,3.488595218,0.402609957,0.402609957,1,0.498370745,0.174963751,0,0.011599807,0.813436443
299,2022,NW,Heated,Control,16,6,4.516089655,3.840537491,0.397435897,0.397435897,1,0.640089582,0.255262151,0.105051665,0.01435132,0.625334864
299,2022,SE,Control,Drought,16,6,3.297131483,2.874225096,0.409828465,0.409828465,1,0.479037516,0.175243394,0.012980992,0.00880853,0.802967084
299,2022,SW,Heated,Drought,16,5,3.344088711,2.880912901,0.447097378,0.358614232,1,0.57618258,0.507490637,0,0.012172285,0.480337079
301,2022,NE,Control,Control,16,9,4.456325785,3.89776139,0.372186495,0.234726688,1,0.433084599,0.039389068,0.375401929,0.007234727,0.577974277
301,2022,NW,Heated,Drought,16,5,2.528970906,1.846090171,0.717815615,0.112126246,1,0.369218034,0.101951827,0.717815615,0.057931894,0.122300664
301,2022,SE,Control,Drought,16,11,6.643750324,5.629629279,0.254202899,0.254202899,1,0.51178448,0.292463768,0.349565217,0.031304348,0.326666667
301,2022,SW,Heated,Control,16,9,4.610231793,3.785993594,0.408428306,0.219851577,1,0.420665955,0.538298436,0.174264511,0.024781341,0.262655712
325,2022,NE,Control,Drought,4,3,1.919403398,1.535938169,0.793522267,0,1,0.51197939,0,0.793522267,0.097165992,0.109311741
325,2022,NW,Heated,Drought,4,2,1.827302321,1.701972956,0.709228824,0,1,0.850986478,0,0,0.290771176,0.709228824
325,2022,SE,Control,Control,4,2,1.457569265,1.28,0.875,0,1,0.64,0,0,0.125,0.875
325,2022,SW,Heated,Control,4,2,1.061172332,1.021710348,0.989260143,0,1,0.510855174,0,0,0.010739857,0.989260143
328,2022,NE,Control,Control,16,6,3.665078979,3.029720231,0.430846224,0.430846224,1,0.504953372,0.154686078,0,0.409463148,0.435850773
328,2022,NW,Heated,Drought,16,5,3.171394048,2.806032802,0.479789104,0.311072056,1,0.56120656,0.521382542,0,0.166373755,0.312243702
328,2022,SE,Control,Drought,16,6,4.322137707,3.686824763,0.405107371,0.245792223,1,0.614470794,0.114915844,0.196459663,0.037724898,0.650899594
328,2022,SW,Heated,Control,16,6,3.107175142,2.600759383,0.506769826,0.506769826,1,0.433459897,0.370083817,0.009026435,0.006447453,0.614442295
338,2022,NE,Control,Control,1,1,1,1,1,0,1,1,0,1,0,0
338,2022,NW,Heated,Drought,1,1,1,1,1,0,1,1,0,1,0,0
338,2022,SW,Heated,Control,1,1,1,1,1,0,1,1,0,1,0,0
